,E_10_Korea419,E_11_B1(UDC16-1),E_12_B1(UDC16-1),E_13,E_14,E_1_3774T13,E_2_3774T13,E_3_3774T13,E_4_DS-166,E_5_DS-166,E_6_9343_bte1,E_7_9343_bte2,E_8_J38-1,E_9_Korea419,I_10_Korea419_,I_11_B1(UDC16-1),I_12_B1(UDC16-1),I_13,I_14,I_1_3774T13,I_2_3774T13,I_3_3774T13,I_4_DS-166,I_5_DS-166,I_6_9343__bti1,I_7a_9343__bti2a,I_7b_9343_bti2b,I_8_J38-1,I_9_Korea419
SRS011061,0,0,0,0,0,8,5,7,0,0,0,0,0,0,0,1,0,0,0,1,0,1,0,0,15,31,7,0,0
SRS011134,0,0,0,2,0,0,0,0,0,0,0,0,0,0,0,1,0,138,0,0,0,1,0,0,3,0,1,0,0
SRS011239,0,0,0,0,0,0,0,0,22,70,0,0,0,0,0,0,0,2,0,0,0,0,8,20,0,0,0,1,0
SRS011271,0,0,0,0,0,0,0,0,0,0,0,0,0,0,0,0,0,0,0,0,0,0,0,0,0,0,0,0,0
SRS011302,0,0,0,0,0,0,0,0,0,0,0,0,0,0,0,0,0,0,0,0,0,0,0,0,9,30,4,0,0
SRS011405,0,0,0,0,0,0,0,0,0,0,0,0,0,0,0,0,0,0,0,0,0,0,0,0,307,0,0,0,0
SRS011452,0,0,0,3,0,0,0,0,0,0,14,40,0,0,0,0,0,263,0,0,0,0,0,93,9,14,14,0,0
SRS011529,0,0,0,0,0,0,0,0,0,0,0,0,0,0,0,0,0,0,0,5,0,0,0,0,203,248,64,0,0
SRS011586,0,0,0,0,0,0,0,0,0,0,0,0,0,0,0,0,0,0,0,0,0,0,0,0,0,0,0,0,0
SRS012273,0,0,0,0,0,0,0,0,0,0,0,0,0,0,0,0,0,0,0,0,0,0,0,0,0,0,0,0,0
SRS012902,0,0,0,0,0,357,354,405,0,0,0,0,0,0,0,71,0,0,0,94,139,87,0,0,215,325,76,0,0
SRS013158,0,142,146,0,0,0,0,0,0,0,59,0,0,0,0,36,25,0,0,0,0,0,0,0,47,0,0,0,0
SRS013215,0,0,1,0,0,367,308,402,0,0,0,0,0,0,0,56,0,0,0,99,122,77,0,0,208,314,82,0,0
SRS013476,0,0,0,0,0,0,0,0,0,0,0,0,0,0,0,0,0,0,4,0,0,0,0,0,0,0,0,0,0
SRS013521,0,0,0,0,0,0,0,0,0,0,0,0,0,0,0,0,0,0,0,0,0,0,0,0,0,0,0,0,0
SRS013687,0,0,0,0,0,0,0,0,0,0,0,0,0,0,0,0,0,0,0,0,0,0,0,0,85,0,0,0,0
SRS013800,0,0,0,0,0,0,0,0,0,0,0,0,0,0,0,0,0,0,0,0,0,0,0,0,56,30,10,0,0
SRS013951,0,0,0,0,0,0,0,0,0,0,0,0,0,0,0,0,0,0,0,0,0,0,0,0,1,0,0,0,0
SRS014235,0,0,0,0,0,0,0,0,0,0,0,0,0,0,0,0,0,0,0,0,0,0,0,0,7,0,0,0,0
SRS014287,0,0,0,0,0,0,0,0,0,0,0,0,0,0,0,0,0,0,0,0,0,0,0,0,0,0,0,0,0
SRS014313,0,0,0,0,0,0,0,0,0,0,0,0,0,0,0,0,0,0,0,0,0,0,0,0,0,0,0,0,0
SRS014459,0,118,149,0,0,38,0,0,0,0,0,0,0,0,0,67,42,0,0,7,0,0,0,0,92,117,30,0,0
SRS014613,0,0,0,0,0,0,0,0,0,0,0,0,0,0,0,0,0,0,0,0,0,0,0,0,0,0,0,0,0
SRS014683,0,0,0,0,0,0,0,0,0,0,4,6,0,0,0,0,0,0,0,0,0,0,0,0,19,20,7,0,0
SRS014923,0,0,0,0,0,2,0,0,0,9,0,0,0,0,0,0,0,0,0,1,0,0,0,3,0,0,0,0,0
SRS014979,0,0,0,0,0,0,0,0,0,0,0,0,0,0,0,0,0,0,0,0,0,0,0,0,1,0,0,0,4
SRS015065,0,54,77,0,0,16,0,0,0,0,0,0,0,0,0,30,26,0,0,0,0,0,0,0,38,41,18,0,0
SRS015133,0,0,0,0,0,0,0,0,0,0,0,0,0,0,0,0,0,0,0,0,0,0,0,0,0,0,0,0,0
SRS015190,0,0,0,0,276,0,0,0,0,0,155,0,418,0,0,0,0,0,124,0,0,0,0,0,187,0,0,182,0
SRS015217,0,0,0,0,0,0,0,0,0,0,0,0,0,0,0,0,0,0,0,0,0,0,0,0,0,0,0,0,0
SRS015264,0,0,0,0,97,0,0,0,0,0,58,0,147,0,0,0,0,0,36,0,0,0,0,0,40,0,0,54,0
SRS015369,0,0,0,0,0,0,0,0,0,0,0,0,0,0,0,0,0,0,0,19,0,0,0,0,443,484,143,0,0
SRS015578,0,0,0,0,247,145,0,0,0,0,0,0,332,0,0,27,0,0,128,67,0,0,0,0,109,110,34,130,0
SRS015663,0,0,0,0,0,0,0,0,0,0,0,0,0,0,0,0,0,0,0,0,0,0,0,0,0,0,0,0,0
SRS015782,0,0,0,0,0,0,0,0,0,0,0,0,0,0,0,27,0,1,13,0,0,21,0,0,45,0,0,0,0
SRS015794,0,0,0,0,0,0,0,0,0,0,0,0,0,0,0,0,0,0,0,0,0,0,0,0,0,0,0,0,0
SRS015854,0,0,0,0,74,0,0,0,0,0,41,0,131,0,0,0,0,0,41,0,0,0,0,0,53,0,0,38,0
SRS015960,0,0,0,0,0,115,162,167,0,0,0,0,0,0,0,23,0,0,0,48,63,52,0,1,113,117,35,0,114
SRS016018,0,19,34,0,0,0,0,0,0,0,16,0,0,0,0,8,10,0,0,0,0,0,0,0,18,0,0,0,0
SRS016056,0,0,0,0,1,0,0,0,0,0,0,0,0,0,0,0,0,0,2,1,0,0,0,0,64,72,13,0,0
SRS016095,0,0,0,0,153,0,0,0,0,0,73,0,192,0,0,0,0,0,77,0,0,0,0,0,68,0,0,69,0
SRS016203,0,0,0,0,0,0,0,0,0,0,0,0,0,0,0,0,0,0,0,0,0,0,0,0,0,0,0,0,0
SRS016267,0,0,0,0,0,1876,0,0,0,5739,0,0,0,0,0,0,0,0,0,589,0,0,0,1924,0,0,0,0,0
SRS016335,0,0,0,0,0,0,0,0,0,0,0,0,0,0,0,0,0,12,0,0,0,0,0,1,373,0,0,0,0
SRS016495,0,0,0,186,0,52,0,0,0,0,0,0,0,0,0,0,0,41,0,16,0,0,0,0,0,0,0,0,0
SRS016517,0,0,0,130,0,29,0,0,0,0,0,0,0,0,0,0,0,28,0,14,0,0,0,0,0,0,0,0,0
SRS016585,0,0,0,0,0,0,0,0,0,2,0,0,0,0,0,0,0,0,0,0,0,0,0,1,0,0,0,0,0
SRS016753,23,0,0,0,0,42,0,0,0,0,0,0,0,74,24,0,0,0,0,3,0,0,0,0,0,0,0,0,26
SRS016954,0,0,0,0,0,0,0,0,0,0,0,0,0,0,0,0,0,0,0,0,0,0,0,0,0,0,0,0,0
SRS016989,0,0,0,0,0,0,0,0,0,0,0,0,0,0,0,0,0,0,0,0,0,0,0,0,0,0,0,0,0
SRS017103,0,0,0,0,0,0,0,0,0,0,0,0,0,0,0,0,0,0,0,0,0,0,0,0,14,15,7,1,0
SRS017191,0,0,0,24,0,29,0,0,0,0,0,0,0,0,0,0,0,4,0,2,0,0,0,0,0,0,0,0,0
SRS017247,0,0,0,0,47,0,0,0,0,0,19,0,49,0,0,0,0,0,19,33,0,0,0,0,970,1108,239,22,0
SRS017307,0,0,0,0,0,0,0,0,0,0,0,0,0,0,0,0,0,0,0,0,0,0,0,1,68,0,0,0,0
SRS017433,0,0,0,0,0,0,0,0,45,0,0,189,0,0,0,0,0,0,0,0,0,0,13,0,73,71,51,0,0
SRS017521,0,0,0,0,833,0,0,0,0,0,429,0,1245,0,0,0,0,0,421,0,0,0,0,0,359,0,0,530,0
SRS017701,0,0,0,0,0,0,0,0,0,0,0,0,0,0,0,0,0,0,0,0,0,0,0,0,12,0,0,0,0
SRS017821,0,0,0,0,0,0,0,0,0,0,0,0,0,0,0,0,0,0,0,0,0,0,0,0,0,0,0,0,0
SRS018133,0,0,0,0,0,0,0,0,0,0,0,0,0,0,0,0,0,0,0,0,0,0,0,0,0,0,0,0,0
SRS018313,0,0,0,490,0,365,0,0,0,0,0,0,0,0,0,0,0,104,281,124,0,0,34,21,0,0,0,121,0
SRS018351,0,0,0,0,0,0,0,0,0,0,0,0,0,0,0,0,0,0,0,52,0,0,0,0,2223,2172,554,0,0
SRS018427,0,0,0,0,0,0,0,0,0,0,0,0,0,0,0,0,0,0,0,0,0,0,0,0,0,0,0,0,0
SRS018575,0,0,0,0,0,0,0,0,0,0,0,0,0,0,0,1,0,2,0,40,0,0,0,0,1365,1651,445,0,0
SRS018656,0,0,0,0,125,0,0,0,0,0,63,0,175,0,0,0,0,0,54,0,0,0,0,0,69,0,0,63,0
SRS018817,0,0,0,0,0,0,0,0,513,1712,0,0,0,0,0,0,0,0,0,0,0,0,171,612,0,0,0,0,0
SRS019030,0,0,0,0,0,0,0,0,0,0,0,0,0,0,0,0,0,0,0,3,0,0,0,0,12,22,4,1,0
SRS019161,0,0,0,0,0,0,0,0,0,0,0,0,0,0,0,0,0,0,0,0,0,0,0,0,5,0,0,0,0
SRS019267,0,0,0,301,0,227,0,0,0,0,0,0,0,0,0,0,0,49,121,86,0,0,13,10,0,0,0,74,0
SRS019397,0,0,0,829,0,89,0,0,0,0,0,0,0,0,0,0,0,302,0,82,0,0,0,7,105,102,32,0,0
SRS019582,0,0,0,0,0,0,0,0,0,0,0,0,0,0,0,0,0,0,0,0,0,0,0,0,56,0,0,0,0
SRS019601,0,0,0,0,0,0,0,0,0,0,0,0,0,0,0,0,0,0,0,0,0,0,0,0,0,0,0,0,0
SRS019685,0,0,0,0,0,0,0,0,0,0,0,0,0,0,0,0,0,0,0,0,0,0,0,0,5,0,0,0,0
SRS019787,0,0,0,0,0,209,0,0,0,713,0,0,0,0,0,0,0,0,0,84,0,0,0,238,0,0,0,0,0
SRS019910,0,0,0,0,0,0,0,0,0,0,0,0,0,0,0,0,0,0,0,0,0,0,0,0,6,12,3,0,0
SRS019968,0,0,0,0,0,0,0,0,0,0,0,0,0,0,0,0,0,0,0,0,0,0,0,0,17,0,0,0,0
SRS020233,0,0,0,0,27,0,0,0,0,0,10,0,48,0,0,0,0,0,14,0,0,0,0,0,65,0,0,14,0
SRS020328,0,0,0,0,0,0,0,0,0,0,0,0,0,0,0,0,0,0,0,0,0,0,0,0,2,4,0,0,0
SRS020869,0,0,0,1,0,0,0,0,0,206,44,0,0,0,0,2,0,72,0,0,0,0,0,82,41,0,0,0,0
SRS021484,0,0,0,0,0,0,0,0,0,0,0,0,0,0,0,0,0,0,0,0,0,0,0,0,0,0,0,0,0
SRS021948,0,0,0,0,0,0,0,0,0,0,0,0,0,0,0,0,0,0,0,1,0,0,0,0,2,2,2,0,0
SRS022071,0,0,0,0,0,0,0,0,0,0,0,0,0,0,0,0,0,0,0,0,0,0,0,0,0,0,0,0,0
SRS022137,0,0,0,0,0,0,0,0,0,0,0,0,0,0,0,0,0,0,0,0,0,0,0,0,0,0,0,0,0
SRS022524,0,0,0,0,0,0,0,0,21,88,0,0,0,0,0,0,0,0,0,0,0,0,9,21,18,25,9,0,0
SRS022609,0,0,0,1,3,0,0,0,0,0,2,0,2,0,0,0,0,143,0,0,0,0,0,0,0,0,0,1,0
SRS022713,0,0,0,0,0,0,0,0,0,0,0,0,0,0,0,0,0,0,0,5,0,0,0,0,190,224,62,0,0
SRS023346,0,0,0,416,0,36,0,0,0,0,0,0,0,0,0,0,0,111,0,27,0,0,0,0,0,0,0,0,0
SRS023526,0,0,0,0,0,0,0,0,0,0,0,0,0,0,0,0,0,0,0,0,0,0,0,0,0,0,0,0,0
SRS023583,0,0,0,2,0,35,0,0,0,107,0,0,0,0,0,26,0,48,0,14,0,12,0,29,275,371,127,0,0
SRS023829,0,0,3,0,0,640,660,909,0,0,0,0,0,0,0,123,0,0,0,167,327,174,0,4,410,648,173,0,0
SRS023914,0,0,0,0,0,0,0,0,0,0,0,0,0,0,0,0,0,0,0,0,0,0,0,0,1,0,0,0,0
SRS023971,0,111,142,0,0,0,0,0,0,0,57,0,0,0,0,40,28,0,0,0,0,0,0,0,41,0,0,0,0
SRS024009,0,0,0,0,0,0,0,0,0,0,0,0,0,0,0,0,0,0,0,0,0,1,0,0,17,0,4,0,0
SRS024075,0,0,0,0,405,0,0,0,0,0,231,0,622,0,0,0,0,0,201,37,0,0,0,1,1240,1186,301,256,0
SRS024132,0,0,0,0,0,0,0,0,0,0,0,0,0,0,0,0,0,0,11,0,0,0,0,0,0,0,0,0,0
SRS024265,0,0,0,0,0,0,0,0,0,0,0,0,0,0,0,0,0,0,0,1,0,0,0,0,6,5,0,0,0
SRS024331,0,0,0,0,0,0,0,0,0,0,0,0,0,0,0,0,0,0,0,1,0,0,0,0,54,102,26,0,0
SRS024388,0,0,0,0,0,0,0,0,142,0,0,522,0,0,0,0,0,0,0,0,0,0,45,0,0,166,156,0,0
SRS024435,0,0,0,0,0,0,0,0,0,0,0,0,0,0,0,0,0,0,0,0,0,0,0,0,16,13,3,0,0
SRS024549,0,0,1,0,0,1568,1910,2247,0,0,0,0,0,0,0,321,0,0,0,617,720,473,0,6,1315,1600,453,0,0
SRS024625,0,0,0,0,0,0,0,0,0,0,0,0,0,0,0,0,0,0,0,0,1,0,0,0,0,0,0,0,0
SRS042284,0,0,0,0,0,0,0,0,0,0,0,0,0,0,0,0,0,0,0,0,0,0,0,0,0,0,0,0,0
SRS042628,0,3,2,0,0,0,0,0,0,0,1,0,0,0,0,3,5,0,1,0,0,0,0,0,3,0,0,0,0
SRS043001,0,0,0,0,0,0,0,0,0,0,0,0,0,0,0,0,0,0,0,0,0,0,0,0,0,0,0,0,0
SRS043411,0,0,0,0,173,0,0,0,0,0,82,0,246,0,0,0,0,0,83,0,0,0,0,0,101,0,0,106,0
SRS043701,0,0,0,171,0,154,0,0,0,0,0,0,0,0,0,0,0,31,0,26,0,0,0,0,0,0,0,0,0
SRS045004,0,0,0,0,3,0,0,0,0,0,4,0,4,0,0,0,0,0,3,0,0,0,0,0,26,16,3,1,0
SRS045645,0,0,0,0,1,0,0,0,0,0,0,0,2,0,0,0,0,0,0,6,0,0,0,0,251,253,71,5,0
SRS045713,0,0,0,0,0,0,0,0,0,0,0,0,0,0,0,0,0,0,0,0,0,0,0,1,619,0,0,0,0
SRS047014,0,0,0,0,0,0,0,0,0,0,0,0,0,0,0,0,0,2,0,0,0,0,0,2,108,0,0,0,0
SRS047044,0,0,0,0,0,0,0,0,0,0,0,0,0,0,0,4,0,0,2,0,0,1,0,0,9,0,0,0,0
SRS048164,0,0,0,0,0,0,0,0,0,32,9,0,0,0,0,10,0,0,0,0,0,3,0,17,24,0,0,0,0
SRS048870,0,0,0,0,0,0,0,0,0,0,0,0,0,0,0,0,0,0,0,17,0,0,0,0,391,421,120,0,0
SRS049164,0,0,0,0,0,0,0,0,0,0,0,0,0,0,0,0,0,3,0,0,0,0,0,1,76,0,1,0,0
SRS049712,0,0,0,0,0,0,0,0,0,0,0,0,0,0,0,0,0,0,0,0,0,0,0,0,0,0,0,0,0
SRS049900,0,0,0,0,0,0,0,0,0,0,0,0,0,0,0,0,0,0,0,0,0,0,0,0,0,0,0,0,0
SRS049959,0,0,0,0,0,0,0,0,0,0,0,0,0,0,0,0,0,0,0,0,0,0,0,0,0,0,0,0,0
SRS049995,0,0,0,0,0,0,0,0,0,0,0,0,0,0,0,0,0,0,0,0,0,0,0,0,0,0,0,0,0
SRS050299,0,0,0,0,102,0,0,0,0,0,49,0,161,0,0,0,0,0,57,0,0,0,0,0,46,0,0,65,0
SRS050422,0,0,0,0,0,0,0,0,0,0,0,0,0,0,0,0,0,0,0,0,0,0,0,0,0,0,0,0,0
SRS050752,0,0,0,0,0,0,0,0,0,0,0,0,0,0,0,0,0,67,0,0,0,0,0,21,0,0,0,0,0
SRS050925,0,0,0,0,0,6,0,0,0,18,0,0,0,0,0,0,0,0,0,3,0,0,0,7,0,0,0,0,0
SRS051031,0,0,0,0,0,0,0,0,0,0,0,0,0,0,0,0,0,0,0,0,0,0,0,0,0,0,0,0,0
SRS051882,0,0,0,0,0,0,0,0,0,0,0,0,0,0,0,0,0,0,0,0,0,0,0,0,0,0,0,0,0
SRS052027,0,0,0,0,0,2,0,0,0,6,0,0,0,0,0,0,0,0,0,0,0,0,0,1,0,0,0,0,0
SRS052697,0,1,1,0,0,1,0,0,0,0,0,0,0,0,0,0,0,0,0,0,0,0,0,0,1,0,0,0,0
SRS053214,0,0,0,258,0,88,0,0,0,0,0,0,0,0,0,0,0,65,0,38,0,0,0,0,0,0,0,0,0
SRS053335,0,0,0,0,0,0,0,0,0,0,0,0,0,0,0,0,0,0,0,0,0,0,0,0,0,0,0,0,0
SRS053398,0,0,0,0,0,0,0,0,0,0,0,0,0,0,0,0,0,0,0,0,0,0,0,0,0,0,0,0,0
SRS054590,0,0,0,0,0,0,0,0,0,0,0,0,0,0,0,0,0,0,0,0,0,0,0,0,0,0,0,0,0
SRS054956,0,0,0,0,0,0,0,0,0,0,0,0,0,0,0,0,0,0,0,84,0,0,0,0,2848,3115,807,0,0
SRS055982,0,0,0,0,0,0,0,0,0,0,0,0,0,0,0,0,0,0,0,0,0,0,0,0,0,0,0,0,0
SRS056259,0,0,0,0,0,247,321,372,0,0,0,0,0,0,0,51,0,0,0,113,167,131,0,0,242,266,97,1,102
SRS056519,0,0,0,0,0,1,0,0,0,0,0,3,0,0,0,2,0,0,0,67,0,1,0,0,1907,2188,631,0,0
SRS057478,0,0,0,0,0,0,0,0,0,0,0,0,0,0,0,0,0,0,0,3,0,0,0,0,97,126,43,0,0
SRS057717,0,0,0,1115,0,132,0,0,0,0,0,0,0,0,0,0,0,314,0,115,0,0,0,0,0,0,0,0,0
SRS058723,0,0,0,2,0,79,0,0,0,253,0,0,0,0,0,52,0,112,0,29,0,27,0,84,0,0,0,0,0
SRS058770,0,0,0,0,2,0,0,0,0,0,0,0,2,0,0,0,0,0,0,0,0,0,0,0,0,0,0,0,0
SRS062427,0,0,0,0,0,0,0,0,0,0,0,0,0,0,0,0,0,0,0,0,0,0,0,0,0,0,0,0,0
SRS063040,0,0,0,0,0,0,0,0,92,343,0,0,0,0,0,0,0,0,0,10,0,0,22,118,345,381,140,0,0
SRS063985,0,0,0,0,0,0,0,0,0,0,0,0,0,0,0,0,0,0,0,0,0,0,0,0,0,0,0,0,0
SRS064276,0,0,0,0,0,0,0,0,0,0,0,0,0,0,0,0,0,0,0,0,0,0,0,0,0,0,0,0,0
SRS064557,0,0,0,0,0,0,0,0,0,0,0,0,0,0,0,0,0,0,0,25,0,0,0,0,744,875,291,0,0
SRS064645,0,0,0,0,0,0,0,0,0,0,0,0,0,0,0,0,0,0,0,0,0,0,0,0,0,0,0,0,0
SRS065504,0,0,0,0,1,0,0,0,0,0,0,0,0,0,0,0,0,0,3,0,0,0,0,0,111,0,0,0,71
SRS075398,0,0,0,8,0,212,0,1,0,678,0,0,0,0,0,122,0,232,0,60,0,58,0,235,0,1,0,0,0
SRS077730,0,0,0,623,0,215,0,0,0,0,0,0,0,0,0,0,0,166,0,71,0,0,0,0,0,0,0,0,0
SRS078176,0,0,0,0,0,0,0,0,0,0,0,0,0,0,0,0,0,0,0,0,0,0,0,0,0,0,0,0,0
SRS011084,0,0,0,0,0,0,0,0,0,0,0,0,0,0,0,0,0,0,0,0,0,0,0,0,0,0,0,0,0
SRS012849,0,0,0,0,0,0,0,0,0,0,0,0,0,0,0,0,0,0,1,0,0,0,0,0,2,4,0,0,0
SRS012969,0,0,0,0,0,0,0,0,0,0,0,0,0,0,0,0,0,0,0,0,0,0,0,0,1,0,0,0,0
SRS013098,0,0,0,0,0,0,0,0,0,0,0,0,0,0,0,0,0,0,0,0,0,0,0,0,0,0,0,0,0
SRS013638,0,0,0,0,0,0,0,0,0,0,0,0,0,0,0,0,0,0,0,0,0,0,0,0,0,0,0,0,0
SRS013639,0,0,0,0,0,0,0,0,0,0,0,0,0,0,0,0,0,0,0,0,0,0,0,0,0,0,0,0,0
SRS015431,0,0,0,0,0,0,0,0,0,0,0,0,0,0,0,0,0,0,0,0,0,0,0,0,0,0,0,70,15
SRS015890,0,588,924,0,0,0,0,0,0,0,368,0,0,0,0,278,328,0,0,0,0,0,0,0,497,0,0,0,0
SRS016437,0,0,0,0,20,0,0,0,0,0,15,0,31,0,0,0,0,0,14,0,0,0,0,0,34,0,0,14,0
SRS016438,0,0,0,0,21,0,0,0,0,0,18,0,36,0,1,0,0,0,19,0,0,0,0,0,39,0,0,17,0
SRS017916,0,0,0,14,0,0,0,0,0,0,0,0,0,0,0,0,0,2,10,0,0,0,0,0,0,3,1,2,0
SRS018984,0,1693,2517,0,0,0,0,0,0,0,1106,0,0,0,0,711,830,0,0,0,0,0,0,0,1290,0,0,0,0
SRS019068,0,0,0,0,0,0,0,0,0,0,0,0,0,0,0,0,0,0,0,0,0,0,0,0,0,0,0,15,3
SRS019381,0,0,0,0,0,0,0,0,0,9,2,0,0,0,0,0,0,0,13,0,0,0,0,2,4,0,0,0,181
SRS020622,0,0,0,0,0,19,0,0,0,66,0,0,0,0,0,11,0,26,0,4,0,5,0,15,0,0,0,0,0
SRS021153,0,0,0,0,0,0,0,0,0,0,0,0,0,0,0,0,0,0,0,0,0,0,0,0,437,0,0,0,0
SRS021219,0,0,0,0,0,0,0,0,0,0,0,0,1,0,0,0,0,0,0,0,0,0,0,0,25,0,0,0,0
SRS024663,0,0,0,0,0,0,0,0,0,0,0,0,0,0,0,0,0,0,0,0,0,0,0,0,0,0,0,0,0
SRS043667,0,2,1,0,0,0,0,0,0,0,0,0,0,0,0,1,0,0,0,0,0,0,0,0,0,0,0,1,0
SRS045528,0,0,0,278,0,115,0,0,0,0,0,0,0,0,0,0,0,103,0,16,0,0,0,0,0,0,0,0,0
SRS045739,20,0,0,0,0,18,0,0,0,0,0,0,0,42,20,0,0,0,0,5,0,0,0,0,0,1,0,1,12
SRS049402,0,0,0,0,595,0,0,0,0,0,327,0,967,0,0,0,0,0,319,0,0,0,0,0,251,0,0,415,0
SRS049896,0,0,0,0,0,0,0,0,0,0,0,0,0,0,0,0,0,0,0,2,0,0,0,0,95,166,37,0,0
SRS050026,0,0,0,0,0,0,0,0,23,0,0,41,0,0,0,0,0,0,0,0,0,0,3,0,26,15,12,0,0
SRS053356,0,0,0,0,0,0,0,0,0,0,0,0,0,0,0,0,0,0,0,0,0,0,0,0,0,0,0,0,0
SRS053573,0,0,0,489,0,542,0,0,0,0,0,0,0,0,0,0,0,122,347,110,0,0,26,24,0,0,0,128,0
SRS053649,0,0,0,0,0,0,0,0,0,0,0,0,0,0,0,0,0,0,0,0,0,0,0,0,6,0,0,0,0
SRS054352,0,0,0,0,0,0,0,0,0,0,0,0,0,0,0,0,0,0,0,0,0,0,0,0,1,0,0,0,0
SRS055533,0,0,0,0,0,0,0,0,0,0,32,201,0,0,0,0,0,0,0,0,0,0,0,0,0,69,50,0,0
SRS056273,0,0,0,0,0,0,0,0,0,0,0,0,0,0,0,0,0,0,0,11,0,0,0,0,417,595,174,0,0
SRS058070,0,0,0,0,0,0,0,0,0,0,0,0,0,0,0,0,0,0,1,0,0,0,0,0,0,0,0,0,0
SRS063489,0,0,0,0,0,0,0,0,0,0,19,97,0,0,0,0,0,0,0,0,0,0,0,0,183,22,20,0,0
SRS063518,0,0,0,0,0,0,0,0,0,0,0,0,0,0,0,0,0,0,0,0,0,0,0,0,297,0,0,0,0
SRS064973,0,0,0,0,0,0,0,0,0,0,0,0,0,0,0,0,0,0,0,0,0,0,0,0,0,0,0,0,0
SRS074670,9,0,0,0,0,1,0,0,0,0,0,0,0,18,6,0,0,0,0,2,0,0,0,0,0,0,0,0,3
SRS074964,0,0,0,46,0,38,0,0,0,0,0,0,0,0,0,0,0,14,29,7,0,0,3,1,1,0,0,13,0
SRS075078,0,0,0,0,0,0,0,0,0,0,0,0,0,0,0,0,0,0,0,14,0,0,0,0,898,1084,325,0,0
SRS075341,0,0,0,1,1,0,0,0,0,0,0,0,0,0,0,0,0,0,0,0,0,0,0,0,0,0,0,0,0
SRS075963,0,0,0,0,0,0,0,0,0,0,0,0,0,0,0,0,0,0,0,0,0,0,0,0,0,0,0,0,0
SRS076929,0,0,0,0,97,0,0,0,0,0,41,0,164,0,0,0,0,0,59,0,0,0,0,0,57,0,0,43,0
SRS077086,0,0,0,0,35,0,0,0,0,0,15,0,42,0,0,0,0,0,27,0,0,0,0,0,16,0,0,32,0
SRS077194,0,0,0,5,0,523,0,0,0,1686,0,0,0,0,0,331,0,277,0,236,0,166,0,621,408,393,96,0,0
SRS077294,0,0,0,0,0,0,0,0,0,0,0,0,0,0,0,0,0,0,0,0,0,0,0,0,48,0,0,0,0
SRS077335,0,0,0,1,0,88,0,0,0,324,0,0,0,0,0,74,0,115,0,29,0,30,0,107,0,0,0,0,0
SRS077502,0,0,0,0,0,0,0,0,0,0,0,0,0,0,0,0,0,0,0,0,0,0,0,0,0,0,0,0,0
SRS077552,0,0,0,0,1,0,0,0,0,0,3,0,5,0,0,0,0,0,1,0,0,0,0,0,43,65,15,2,0
SRS077753,0,0,0,516,0,236,0,0,0,0,0,0,0,0,0,0,0,167,0,43,0,0,0,0,0,0,0,0,0
SRS077849,0,0,0,0,1,0,0,0,0,0,0,0,0,0,0,0,0,0,0,0,0,0,0,0,0,0,0,0,0
SRS078242,0,0,0,0,0,0,0,0,0,0,0,0,0,0,0,0,0,0,0,0,0,0,0,0,14,38,6,0,0
SRS078419,0,0,0,0,0,0,0,0,0,0,0,0,0,0,0,0,0,0,2,0,0,0,0,0,1,0,0,0,0
SRS078665,0,0,0,0,0,0,0,0,2,0,0,3,0,0,0,0,0,0,0,0,0,0,0,0,10,1,1,0,0
SRS097889,0,0,0,0,0,0,0,0,0,0,0,0,0,0,0,0,0,0,0,0,0,0,0,0,0,0,0,0,0
SRS098514,0,0,0,0,0,0,0,0,0,0,0,0,0,0,0,0,0,0,0,0,0,0,0,0,0,0,0,0,0
SRS098571,0,0,0,0,0,0,0,0,20,0,0,71,0,0,0,0,0,0,0,0,0,0,5,0,22,25,14,0,0
SRS098644,0,0,0,0,84,0,0,0,0,0,55,0,126,0,0,0,0,0,49,0,0,0,0,0,45,0,0,43,0
SRS098717,0,0,0,0,0,41,0,0,0,0,0,90,0,0,0,26,0,42,0,25,0,13,0,0,564,827,236,0,0
SRS098827,0,0,0,0,0,0,0,0,0,0,0,0,0,0,0,0,0,0,0,0,0,0,0,0,0,0,0,0,0
SRS100021,0,0,0,0,0,0,0,0,0,0,0,0,1,0,0,0,0,0,0,0,0,0,0,0,0,1,0,0,0
SRS101376,0,0,0,0,0,0,0,0,0,0,0,0,1,0,0,0,0,0,0,6,0,0,0,0,295,485,118,0,0
SRS101433,0,0,0,0,0,0,0,0,0,0,0,0,0,0,0,0,0,0,0,0,0,0,0,0,0,0,0,0,0
SRS103987,0,0,0,0,0,0,0,0,0,0,0,0,0,0,0,0,0,0,0,0,0,0,0,0,0,0,0,0,0
SRS104197,0,0,0,0,0,0,0,0,0,0,0,0,0,0,0,0,0,0,0,0,0,0,0,0,0,0,0,0,0
SRS104311,0,0,0,0,0,202,236,333,0,0,0,0,0,0,0,26,0,0,0,72,110,55,0,0,147,204,56,0,0
SRS104400,0,0,0,0,0,0,0,0,0,0,0,0,0,0,0,0,0,0,0,0,0,0,0,0,0,0,0,0,0
SRS104485,0,0,0,0,0,138,188,218,0,0,0,0,0,0,0,16,0,0,0,117,94,69,0,0,2253,2668,693,0,0
SRS105153,0,0,0,0,0,0,0,0,0,0,0,0,0,0,0,0,0,0,14,0,0,0,0,0,0,0,0,0,573
SRS140492,0,0,0,0,509,0,0,0,0,0,267,0,843,0,0,0,0,0,258,0,0,0,0,0,217,0,0,319,0
SRS140513,0,0,0,0,0,0,0,0,60,285,0,0,0,0,0,0,0,0,0,2,0,0,27,70,169,223,52,0,0
SRS140645,0,0,0,46,0,6,0,0,0,0,0,0,0,0,0,0,0,12,0,2,0,0,0,0,1,0,0,0,0
SRS142503,0,0,0,0,0,0,0,0,0,0,0,0,0,0,0,0,0,0,0,0,0,0,0,0,0,0,0,0,0
SRS142505,0,0,0,0,0,0,0,0,0,0,0,0,0,0,0,0,0,0,0,0,0,0,0,0,0,0,0,0,0
SRS142599,0,0,0,0,75,2,2,4,0,0,41,0,129,0,0,0,0,0,37,0,2,3,0,0,39,1,1,46,0
SRS142712,0,0,0,0,0,0,0,0,0,0,0,0,0,0,0,0,0,0,0,0,0,0,0,0,0,0,0,0,0
SRS142890,0,0,0,0,0,0,0,0,0,0,0,0,0,0,0,0,0,1,0,0,0,0,0,0,387,0,0,0,0
SRS143070,0,0,0,0,0,0,0,0,0,0,0,0,0,0,0,0,0,0,0,0,0,0,0,0,0,0,0,0,0
SRS143181,0,0,0,0,0,0,0,0,0,0,0,0,0,0,0,0,0,0,0,0,0,0,0,0,0,0,0,0,0
SRS143342,0,0,0,176,0,168,0,0,0,0,0,0,0,0,0,0,0,37,113,58,0,0,8,7,0,0,0,39,0
SRS143417,0,0,0,0,0,0,0,0,154,578,0,0,0,0,0,0,0,0,0,0,0,0,81,188,0,0,0,0,0
SRS143598,0,0,0,0,136,0,0,0,0,0,68,0,199,0,0,0,0,0,66,0,0,0,0,0,82,0,0,92,0
SRS143780,0,0,0,0,0,0,0,0,0,0,0,0,0,0,0,0,0,0,0,0,0,0,0,0,0,0,0,0,0
SRS143876,0,0,0,0,0,0,0,0,0,0,0,0,0,0,0,0,0,0,0,0,0,0,0,1,0,0,0,0,0
SRS143991,0,0,0,0,0,0,0,0,0,0,1,0,0,0,0,0,0,0,0,0,0,0,0,0,19,15,14,0,0
SRS144362,0,0,0,0,2,0,0,0,0,0,0,0,0,0,0,0,0,0,0,0,0,0,0,0,0,0,0,1,0
SRS144506,0,0,0,0,189,0,0,0,0,0,85,0,306,0,0,0,0,0,111,0,0,0,0,0,96,0,0,128,0
SRS144537,0,0,0,0,0,0,0,0,0,0,0,0,0,0,0,0,0,0,0,0,0,0,0,0,0,0,0,0,0
SRS145497,0,0,0,0,0,1,0,0,0,0,0,0,0,0,0,0,0,0,0,0,0,0,0,0,2,9,1,0,0
SRS146764,0,0,0,0,0,0,0,0,0,0,0,0,0,0,0,0,0,17,0,0,0,0,0,4,14,0,0,0,0
SRS146812,0,0,0,0,0,0,0,0,33,144,0,0,0,0,0,0,0,0,2,0,0,0,11,51,1,0,0,8,0
SRS146813,0,0,0,0,0,0,0,0,0,0,0,0,0,0,0,0,0,0,0,2,0,0,0,0,76,72,19,0,0
SRS147022,0,0,0,0,0,0,0,0,2776,9640,0,0,0,0,0,0,0,0,0,94,0,0,858,2956,2619,3626,917,0,0
SRS147088,0,0,0,0,0,0,0,0,0,0,0,0,0,0,0,0,0,0,0,0,0,0,0,0,0,0,0,0,0
SRS147139,0,0,0,4,0,345,0,0,0,1165,0,0,0,0,0,210,0,473,0,140,0,115,0,406,714,107,27,0,0
SRS147346,0,0,0,0,0,0,0,0,0,0,1,8,0,0,0,0,0,0,0,1,0,0,0,0,1,5,2,0,0
SRS147445,0,0,0,0,0,0,0,0,0,0,0,0,0,0,0,0,0,0,0,0,0,0,0,0,0,0,0,0,23
SRS147652,0,0,0,1,0,0,0,0,0,0,0,0,0,0,0,0,0,119,0,0,0,0,0,52,0,0,0,0,0
SRS147766,0,0,0,0,0,0,0,0,0,0,0,0,0,0,0,0,0,0,0,0,0,0,0,0,0,0,0,0,0
SRS147919,0,0,0,0,0,0,0,0,0,0,0,0,0,0,0,0,0,0,0,114,0,0,0,0,5139,6125,1615,0,0
SRS148196,0,0,0,0,0,0,0,0,0,0,0,0,0,0,0,0,0,0,0,1,0,0,0,0,3,7,1,0,0
SRS148424,0,0,0,0,0,0,0,0,0,0,0,0,0,0,0,0,0,0,0,9,0,0,0,0,311,379,85,0,0
SRS148721,0,0,0,0,6,0,0,0,0,0,1,0,3,0,0,5,0,0,2,0,0,0,0,0,14,2,1,3,0
MH0001,0,0,0,0,0,4,0,0,0,7,0,0,0,0,0,3,0,4,0,0,0,0,0,6,0,0,0,0,0
MH0002,0,0,0,0,0,0,0,0,13,0,0,28,0,0,0,0,0,0,0,0,0,0,4,0,6,4,9,0,0
MH0003,0,0,0,82,0,3,0,0,0,0,0,0,0,0,0,0,0,27,0,10,0,0,0,0,0,0,0,0,0
MH0004,0,0,0,0,0,0,0,0,0,0,0,0,0,0,0,0,0,0,0,0,0,0,0,0,0,0,0,0,0
MH0005,0,0,0,0,0,0,0,0,0,0,0,0,0,0,0,0,0,0,0,0,0,0,0,0,0,0,0,0,0
MH0006,0,0,0,0,0,0,0,0,0,0,0,0,0,0,0,0,0,0,0,0,0,0,0,0,16,0,0,0,0
MH0007,0,0,0,0,1,0,0,0,0,0,0,0,0,0,0,0,0,0,0,0,0,0,0,0,0,1,0,0,0
MH0008,0,0,0,0,0,2,3,7,0,0,0,0,0,0,0,0,0,0,0,1,0,0,0,0,0,5,0,0,0
MH0009,0,0,0,0,0,1,0,0,0,2,0,0,0,0,0,0,0,0,0,0,0,0,0,0,1,0,0,0,0
MH0010,0,0,0,0,0,0,0,0,0,0,0,0,0,0,0,1,0,0,0,0,0,1,0,0,4,0,5,0,0
MH0011,0,0,0,0,1,0,0,0,0,0,1,0,0,0,0,0,0,0,0,0,0,0,0,0,0,0,0,2,0
MH0012,0,0,0,0,0,0,0,0,0,0,0,0,0,0,0,0,0,0,0,0,0,0,0,0,84,0,0,0,0
MH0013,0,0,0,2,0,0,0,0,11,0,0,40,0,0,0,5,0,12,0,0,0,5,3,0,13,17,10,0,0
MH0014,0,0,0,0,0,0,0,0,0,0,0,0,0,0,0,0,0,0,0,0,0,0,0,0,0,0,0,0,0
MH0015,0,21,31,0,0,0,0,0,0,0,15,0,0,0,0,4,5,0,0,0,0,0,0,0,6,0,0,0,0
MH0016,0,0,0,0,0,0,0,0,0,0,0,0,0,0,0,0,0,0,0,0,0,0,0,0,0,0,0,0,0
MH0017,0,0,0,8,0,5,0,0,0,0,0,0,0,0,0,0,0,0,0,0,0,0,0,1,0,0,0,0,0
MH0018,0,0,0,0,0,0,0,0,8,0,0,17,0,0,0,4,0,10,0,0,0,1,2,0,3,9,1,0,0
MH0019,0,0,0,0,0,0,0,0,0,0,0,0,0,0,0,0,0,0,2,0,0,0,0,1,24,0,0,4,0
MH0020,0,0,0,0,0,0,0,0,0,0,0,0,0,0,0,0,0,0,0,0,0,0,0,0,0,0,0,0,0
MH0021,0,0,0,0,59,0,0,0,0,0,17,0,90,0,0,0,0,0,23,0,0,0,0,0,51,0,0,18,0
MH0022,0,0,0,0,0,0,0,0,0,0,0,0,0,0,0,0,0,0,0,0,0,0,0,0,0,0,0,0,0
MH0023,0,0,0,0,0,0,0,0,0,0,0,0,0,0,0,0,0,0,0,0,0,0,0,0,0,0,0,0,0
MH0024,0,0,0,0,0,0,0,0,0,0,0,0,0,0,0,0,0,0,0,0,0,0,0,0,0,0,0,0,0
MH0025,0,0,0,0,0,8,0,0,0,0,0,32,0,0,0,0,0,0,0,5,0,0,0,0,0,5,11,2,0
MH0026,0,0,0,0,0,0,0,0,0,0,0,0,0,0,0,0,0,0,0,0,0,0,0,0,56,0,0,0,0
MH0027,0,0,0,0,0,13,11,4,0,0,0,0,0,0,0,0,0,0,0,3,3,3,0,3,14,25,10,0,0
MH0028,0,0,0,21,0,2,0,0,0,0,0,0,0,0,0,0,0,9,0,1,0,0,0,0,0,0,0,0,0
MH0030,0,0,0,0,0,0,0,0,0,0,0,0,0,0,0,0,0,0,0,0,0,0,0,0,0,0,0,0,0
MH0031,0,0,0,0,0,0,0,0,0,0,0,0,0,0,0,0,0,0,0,0,0,0,0,0,0,0,0,0,0
MH0032,0,0,0,0,0,0,1,0,0,0,0,0,0,0,0,0,0,0,0,0,0,0,0,0,0,0,0,0,0
MH0033,0,0,0,0,0,0,0,0,8,0,0,40,0,0,0,0,0,0,0,0,0,0,3,0,0,9,9,0,0
MH0034,0,0,0,0,0,0,0,0,0,0,0,0,0,0,0,0,0,0,0,0,0,0,0,0,0,0,0,0,0
MH0035,0,0,0,0,0,0,0,0,0,0,0,0,0,0,0,0,0,0,0,0,0,0,0,0,0,0,0,0,0
MH0036,0,0,0,0,0,7,0,0,0,0,0,30,0,0,0,0,0,0,0,2,0,0,0,0,4,8,5,0,0
MH0037,0,0,0,0,10,0,0,0,0,0,3,0,17,0,0,1,0,0,6,0,0,0,0,0,14,3,0,7,0
MH0038,0,0,0,8,0,0,0,0,0,0,0,0,0,0,0,0,0,7,0,1,0,0,0,0,0,0,0,0,0
MH0039,0,0,0,0,0,0,0,0,6,0,0,40,0,0,0,0,0,0,0,0,0,0,3,0,19,16,6,0,0
MH0040,0,0,0,0,39,0,0,0,0,0,12,0,44,0,0,0,0,0,14,0,0,0,0,0,7,0,0,32,0
MH0041,0,0,0,0,0,0,0,0,0,0,0,0,0,0,0,0,0,0,0,0,0,0,0,0,0,0,0,0,0
MH0042,0,0,0,1,0,0,0,0,0,0,0,0,0,0,0,0,0,6,0,0,0,0,0,3,0,0,2,0,0
MH0043,0,0,0,1,0,0,0,0,0,0,0,0,0,0,0,0,0,10,0,0,0,0,0,4,0,0,4,0,0
MH0044,0,0,0,0,0,0,0,0,0,0,0,0,0,0,0,0,0,0,0,0,0,0,0,0,38,0,0,0,0
MH0045,0,0,0,0,0,22,27,18,0,0,0,0,0,0,12,3,0,0,0,8,8,4,0,1,32,13,6,0,10
MH0046,0,0,0,0,0,0,0,0,0,0,0,0,0,0,0,0,0,0,0,0,0,0,0,0,0,0,0,0,0
MH0047,0,0,0,0,1,2,0,0,0,0,0,0,8,0,0,0,0,0,2,1,0,0,0,0,4,3,1,5,0
MH0048,0,0,0,0,0,0,0,0,0,0,0,0,0,0,0,0,0,0,0,0,0,0,0,0,0,0,0,0,0
MH0049,0,0,0,2,0,31,0,0,0,63,0,0,0,0,0,9,0,8,0,10,0,11,0,40,11,22,7,0,0
MH0050,0,0,0,0,2,0,0,0,0,0,3,0,5,0,0,0,0,1,5,0,0,0,0,0,0,0,0,1,0
MH0051,0,0,0,0,0,0,0,0,0,0,0,0,1,0,0,0,0,0,0,0,0,0,0,0,40,0,0,0,0
MH0052,0,0,0,0,0,0,0,0,0,0,0,0,0,0,0,0,0,0,0,0,0,0,0,0,0,0,0,0,0
MH0053,0,0,0,0,0,0,0,0,0,0,0,0,0,0,0,0,0,0,0,0,0,0,0,0,1,0,0,0,0
MH0054,0,0,0,0,0,0,0,0,0,0,0,0,0,0,0,0,0,0,0,0,0,0,0,0,0,0,0,0,0
MH0055,0,0,0,0,0,0,0,0,0,0,0,0,0,0,0,0,0,0,0,0,0,0,0,0,0,0,0,0,0
MH0056,0,0,0,0,0,0,0,0,0,0,0,0,0,0,0,0,0,0,0,0,0,0,0,0,0,3,0,0,0
MH0057,0,0,0,0,0,0,1,1,0,0,0,0,0,0,0,0,0,0,0,1,1,0,0,0,1,0,0,0,0
MH0058,0,0,0,0,0,0,0,0,0,0,0,0,0,0,0,0,0,0,0,0,0,0,0,0,3,0,0,0,0
MH0059,0,0,0,0,13,0,0,0,0,0,9,0,14,0,0,0,0,0,1,2,0,0,0,0,17,14,2,8,0
MH0060,0,0,0,0,0,0,0,0,0,0,0,0,0,0,0,0,0,0,0,0,0,0,0,0,0,0,0,0,0
MH0061,0,0,0,117,0,11,0,0,0,0,0,0,0,0,0,0,0,59,0,14,0,0,0,0,0,0,0,0,0
MH0062,0,0,0,0,0,0,0,0,0,0,0,0,0,0,0,0,0,0,0,0,0,0,0,0,0,0,0,0,0
MH0063,0,1,4,0,0,0,0,0,0,0,0,0,0,0,0,0,0,0,0,0,0,0,0,0,0,0,0,0,0
MH0064,0,0,0,0,0,0,0,0,0,0,0,0,0,0,0,0,0,0,0,0,0,0,0,0,0,0,0,0,0
MH0065,0,0,0,0,0,0,0,0,0,0,0,0,0,0,0,0,0,0,0,0,0,0,0,0,0,0,0,0,0
MH0066,0,0,0,0,3,0,0,0,0,0,0,0,2,0,0,0,0,0,1,0,0,0,0,0,2,0,0,3,0
MH0067,0,0,0,0,6,0,0,0,0,0,2,0,12,0,0,0,0,0,5,0,0,0,0,0,4,0,0,9,0
MH0068,0,0,0,0,0,0,0,0,0,0,0,0,0,0,0,0,0,0,0,0,0,0,0,0,0,0,0,0,0
MH0069,0,0,0,0,0,0,0,0,0,0,0,0,0,0,0,0,0,0,0,0,0,0,0,0,0,0,0,0,0
MH0070,0,0,0,0,0,0,0,0,0,0,0,0,0,0,0,0,0,2,0,2,0,0,0,1,10,26,0,0,0
MH0071,0,0,0,0,0,40,43,39,0,0,0,0,0,0,0,12,0,0,0,14,10,10,0,0,26,38,17,0,0
MH0072,0,0,0,0,0,0,0,0,0,0,4,14,0,0,0,6,0,0,0,0,0,0,0,0,2,4,6,0,0
MH0073,0,0,0,0,0,0,0,0,0,0,0,0,0,0,0,0,0,0,0,1,0,0,0,0,4,7,3,0,0
MH0074,0,0,0,0,0,0,0,0,0,0,0,0,0,0,0,0,0,0,0,0,0,0,0,0,0,0,0,0,0
MH0075,0,0,0,0,3,0,0,0,0,0,1,0,4,0,0,0,0,0,1,0,0,0,0,0,0,0,0,4,0
MH0076,0,7,22,0,0,0,0,0,0,0,4,0,0,0,0,3,1,0,0,0,0,0,0,0,10,0,0,0,0
MH0077,0,0,0,0,0,0,0,0,0,0,0,0,0,0,0,1,0,0,0,0,0,1,0,0,0,0,1,0,0
MH0078,0,0,0,0,0,1,0,0,0,0,0,0,0,0,0,0,0,0,0,0,0,0,0,0,0,0,0,0,0
MH0079,0,0,0,0,0,2,5,12,0,0,0,0,0,0,0,0,0,0,0,1,6,2,0,0,2,0,0,0,0
MH0080,0,0,0,0,0,0,0,0,34,0,0,132,0,0,0,0,0,0,0,0,0,0,18,0,0,42,32,0,0
MH0081,0,0,0,0,5,0,0,0,0,0,1,0,6,0,0,0,0,0,1,0,0,0,0,0,1,0,0,1,0
MH0082,0,0,0,0,19,13,0,0,0,0,0,0,20,0,0,4,0,0,2,2,0,2,0,0,7,11,0,7,0
MH0083,0,1,0,0,0,0,0,0,0,0,0,0,0,0,0,0,0,0,0,0,0,0,0,0,0,0,0,0,0
MH0084,0,0,0,0,0,0,0,0,0,0,0,5,0,0,0,0,0,0,0,0,0,0,0,0,3,0,1,0,0
MH0085,0,0,0,0,77,0,0,0,0,0,36,0,110,0,0,0,0,0,47,4,0,0,0,0,43,46,11,55,0
MH0086,0,47,48,0,0,0,0,0,0,0,15,0,0,0,0,16,7,39,0,0,0,0,0,2,7,0,0,0,0
V1.CD-11,0,0,0,0,0,0,0,0,0,0,0,0,0,0,0,0,0,0,0,0,0,0,0,0,0,0,0,0,0
V1.CD-13,0,0,0,0,0,0,0,0,0,0,0,0,0,0,0,0,0,0,0,0,0,0,0,0,0,0,0,0,0
V1.CD-14,0,0,0,0,0,0,0,0,0,0,0,0,0,0,0,0,0,0,0,0,0,0,0,0,0,0,0,0,0
V1.CD-2,0,0,0,0,0,0,0,0,0,0,0,0,0,0,0,0,0,0,0,0,0,0,0,0,0,0,0,0,0
V1.CD-3,0,0,0,0,0,0,0,0,0,0,0,0,0,0,0,0,0,0,0,0,0,0,0,0,0,0,0,0,0
V1.CD-4,0,0,0,0,0,0,0,0,0,0,0,0,0,0,0,0,0,0,0,0,0,0,0,0,0,0,0,0,0
V1.CD-8,0,0,0,0,0,0,0,0,0,0,0,0,0,0,0,0,0,3,0,0,0,0,0,0,0,0,0,0,0
V1.CD-9,0,0,0,0,0,0,0,0,0,0,0,0,0,0,0,0,0,0,0,0,0,0,0,0,9,0,0,0,0
V1.UC-18,0,0,0,0,0,0,0,0,0,0,0,0,0,0,0,0,0,0,0,0,0,0,0,0,0,0,0,0,0
V1.UC-19,0,0,0,0,0,0,0,0,0,0,0,0,0,0,0,0,0,0,0,0,0,0,0,0,1,0,0,0,0
V1.UC-6,0,0,0,3,0,6,0,0,0,0,0,0,0,0,0,0,0,0,0,1,0,0,0,0,4,5,0,0,0
V1.UC-7,0,0,0,0,0,0,0,0,0,0,0,0,0,0,0,0,0,0,0,0,0,0,0,0,0,0,0,0,0
V1.UC-8,0,0,0,0,0,0,0,0,0,0,0,0,0,0,0,0,0,0,0,0,0,0,0,0,0,0,0,0,0
V1.UC-9,0,0,0,0,0,0,0,0,0,0,0,0,0,0,0,0,0,0,0,0,0,0,0,0,0,0,0,0,0
MH0087,0,0,0,0,0,0,0,0,0,0,0,0,0,0,0,0,0,0,0,0,0,0,0,0,0,0,0,0,0
MH0088,0,0,0,2,0,0,0,0,9,36,0,0,0,0,0,3,0,12,0,0,0,4,4,16,0,0,0,0,0
MH0089,0,0,0,0,0,0,0,0,0,0,0,0,0,0,0,0,0,0,0,0,0,0,0,0,0,0,0,0,0
MH0090,0,0,0,0,0,2,0,0,0,0,0,9,0,0,0,0,0,0,0,4,0,0,0,0,1,2,3,0,0
MH0091,0,0,0,0,0,0,0,0,0,0,0,0,0,0,0,0,0,0,0,0,0,0,0,0,23,0,0,0,0
MH0092,0,65,58,0,1,0,0,0,0,0,33,0,0,0,0,23,19,0,0,0,0,0,0,0,37,0,0,0,0
MH0093,0,0,0,0,0,0,0,0,0,0,0,0,0,0,0,0,0,0,0,0,0,0,0,0,0,0,0,0,0
MH0094,0,0,0,0,0,0,0,0,0,0,0,0,0,0,0,0,0,0,0,0,0,0,0,0,0,0,0,0,0
MH0095,0,0,0,0,0,0,0,0,0,0,0,0,0,0,0,0,0,0,0,0,0,0,0,0,0,0,0,0,0
MH0096,0,0,0,0,0,0,0,0,0,0,0,0,0,0,0,0,0,0,0,0,0,0,0,0,0,0,0,0,0
MH0097,0,0,0,0,8,0,0,0,0,0,4,0,19,0,0,0,0,0,2,0,0,0,0,0,3,0,0,8,0
MH0098,0,0,0,3,0,25,0,0,0,112,0,0,0,0,0,15,0,45,0,13,0,13,0,45,18,19,4,0,0
MH0099,0,16,17,0,0,0,0,0,0,0,10,0,0,0,0,7,5,0,0,0,0,0,0,0,36,0,0,0,0
MH0100,0,0,0,0,0,0,0,0,0,1,0,0,0,0,0,0,0,0,0,0,0,0,0,0,0,0,0,0,0
MH0101,0,0,0,0,0,0,0,0,0,0,0,0,0,0,0,0,0,0,0,0,0,0,0,0,0,0,0,0,4
MH0102,0,0,0,0,0,0,0,0,0,0,0,0,0,0,0,0,0,0,0,0,0,0,0,0,31,0,0,0,0
MH0103,0,0,0,0,0,12,0,0,0,14,0,0,0,0,0,0,0,0,0,3,0,0,0,5,4,5,0,0,0
MH0104,0,59,87,0,0,13,0,0,0,0,0,0,0,0,0,36,25,0,0,1,0,0,0,0,5,5,2,0,0
MH0105,0,0,0,0,0,0,0,0,0,0,0,0,0,0,0,0,0,0,0,0,0,0,0,0,0,0,0,0,0
MH0106,0,0,0,0,12,0,0,0,0,0,4,0,14,0,0,0,0,0,5,0,0,0,0,0,13,0,0,5,0
MH0107,0,0,0,0,0,0,0,0,0,0,0,0,0,0,0,0,0,0,0,0,0,0,0,0,0,0,0,0,0
MH0108,0,0,0,0,0,0,0,0,0,0,0,0,0,0,20,0,0,0,0,0,0,0,0,0,18,0,0,0,14
MH0109,0,0,0,0,97,0,0,0,0,0,52,0,139,0,0,0,0,0,68,0,0,0,0,1,72,0,0,59,20
MH0110,0,0,0,0,0,0,0,0,0,0,0,0,0,0,0,0,0,0,0,0,0,0,0,0,0,0,0,0,0
MH0111,0,0,0,0,0,0,0,0,0,0,0,0,0,0,0,0,0,0,0,0,0,0,0,0,0,0,0,0,0
MH0113,0,0,0,0,0,1,0,0,0,0,0,0,0,0,0,0,0,0,0,0,0,0,0,0,0,0,0,0,0
MH0114,0,0,0,0,52,0,0,0,0,0,31,0,93,0,0,0,0,0,29,7,0,0,0,0,169,159,34,28,0
MH0115,0,0,0,0,0,0,0,0,0,0,0,0,0,0,0,0,0,0,0,5,0,0,0,0,64,93,18,0,0
MH0116,0,0,0,0,71,0,0,0,0,0,37,0,124,0,0,0,0,0,57,0,0,0,0,0,35,0,0,48,0
MH0117,0,1,0,0,0,0,0,0,0,0,0,0,0,0,0,0,0,0,0,0,0,0,0,0,0,1,0,0,0
MH0118,0,0,0,0,0,0,0,0,0,0,0,0,0,0,0,0,0,0,0,0,0,0,0,0,4,1,0,0,0
MH0119,0,90,139,0,0,78,2,0,0,0,0,0,0,0,0,42,26,0,0,34,0,0,0,0,5,12,3,0,0
MH0120,0,0,0,0,0,0,0,0,0,0,0,0,0,0,0,0,0,0,0,0,0,0,0,0,2,2,1,0,0
MH0121,0,0,0,0,0,0,0,0,0,0,0,0,0,0,0,71,0,0,0,10,0,0,0,1,156,170,42,0,0
MH0122,0,0,0,0,0,0,0,0,0,0,0,0,0,0,0,0,0,0,0,0,0,0,0,0,0,0,0,0,0
MH0123,0,0,0,0,0,39,70,67,0,0,0,0,0,0,0,0,0,0,0,18,22,15,0,0,256,0,0,0,0
MH0124,0,0,0,0,0,0,0,0,0,0,0,5,0,0,0,0,0,0,0,0,0,0,0,0,0,0,0,0,0
MH0125,0,14,24,0,0,0,0,0,0,0,10,0,0,0,0,7,9,0,0,0,0,0,0,0,8,0,0,0,0
MH0126,0,0,0,0,0,0,0,0,0,0,0,0,0,0,0,5,0,0,0,0,0,11,0,0,0,0,3,0,0
MH0127,0,0,0,0,0,22,0,0,0,0,0,110,0,0,0,0,0,0,0,15,0,0,0,0,0,47,35,0,0
MH0128,0,0,0,0,0,0,0,0,0,0,0,0,0,0,0,0,0,0,0,0,0,0,0,0,93,0,0,0,0
MH0129,0,0,0,0,0,0,0,0,3,0,0,20,0,0,0,0,0,0,0,0,0,0,2,0,148,6,7,0,0
MH0130,0,0,0,0,0,0,0,0,0,0,0,0,0,0,0,0,0,0,0,0,0,0,0,0,0,0,0,0,0
MH0131,0,0,0,0,0,0,0,0,0,0,0,0,0,0,0,0,0,0,0,0,0,0,0,0,0,0,0,0,0
MH0132,0,0,0,0,0,0,0,0,0,0,24,73,0,0,0,0,0,0,0,0,0,0,0,0,21,35,20,0,0
MH0133,0,0,0,431,0,53,0,0,0,0,0,0,0,0,0,0,0,185,0,47,0,0,0,0,0,0,0,0,0
MH0134,0,0,0,0,0,10,16,14,0,0,0,0,0,0,0,4,0,0,0,8,9,2,0,0,18,17,6,0,0
MH0135,0,0,0,0,0,0,0,0,30,83,0,0,0,0,0,0,0,0,0,0,0,0,14,30,0,0,0,0,0
MH0136,0,0,0,0,0,0,0,0,0,0,0,0,0,0,0,0,0,0,0,0,0,0,0,0,0,0,0,0,0
MH0137,0,0,0,0,0,0,0,0,0,0,0,0,0,0,0,0,0,0,0,0,0,0,0,0,0,0,0,0,0
MH0138,0,0,0,0,0,0,0,0,0,0,0,0,0,0,0,0,0,0,0,0,0,0,0,0,0,0,0,0,0
MH0139,0,0,0,0,0,0,0,0,0,0,0,0,2,0,0,0,0,0,1,0,0,0,0,0,3,0,0,1,0
MH0140,0,0,0,0,0,0,0,0,0,0,0,0,0,0,0,0,0,0,0,0,0,0,0,0,0,0,0,0,0
MH0141,0,0,0,0,0,0,0,0,0,0,0,0,0,0,0,0,0,0,0,0,0,0,0,0,0,0,0,0,0
MH0142,0,35,52,0,0,13,0,0,0,0,0,0,0,0,0,28,13,0,0,6,0,0,0,0,61,83,9,0,0
MH0143,0,0,0,0,0,0,0,0,0,0,0,0,0,0,0,0,0,0,0,0,0,0,0,0,0,0,0,0,0
MH0144,0,0,0,0,0,0,0,0,0,0,0,0,0,0,0,0,0,0,0,0,0,0,0,0,0,0,0,0,0
MH0145,0,0,0,22,0,21,0,0,0,0,0,0,0,0,0,5,0,3,0,8,0,0,0,0,15,30,2,0,0
MH0146,0,0,0,0,0,0,0,0,0,0,0,0,0,0,0,0,0,0,0,0,0,0,0,0,0,0,0,0,0
MH0147,0,0,0,0,48,0,0,0,0,0,33,0,69,0,0,0,0,0,24,1,0,0,0,0,53,3,0,30,0
MH0148,0,0,0,0,0,0,0,0,0,0,0,0,0,0,0,0,0,0,0,0,0,0,0,0,0,0,0,0,0
MH0149,0,0,0,0,0,0,0,0,0,0,0,0,0,0,0,0,0,0,0,0,0,0,0,0,0,0,0,0,0
MH0150,0,0,0,0,0,0,0,0,0,0,0,0,0,0,0,0,0,0,0,0,0,0,0,0,0,0,0,0,0
MH0151,0,0,0,0,0,0,0,0,0,0,0,0,0,0,0,0,0,0,0,0,0,0,0,0,2,4,0,0,0
MH0152,0,0,0,0,0,0,0,0,0,0,0,0,0,0,0,0,0,0,0,0,0,0,0,0,0,0,0,0,0
MH0153,0,0,0,0,0,0,0,0,0,0,0,0,0,0,0,0,0,0,0,0,0,0,0,0,0,0,0,0,0
MH0154,0,0,3,0,0,59,67,67,0,0,0,0,0,0,0,14,0,0,0,18,24,25,0,0,56,43,11,0,0
MH0155,0,0,0,0,0,0,0,0,0,0,0,0,0,0,0,0,0,0,0,0,0,0,0,0,0,0,0,0,0
MH0156,0,0,0,0,0,0,0,0,0,0,0,0,0,0,0,0,0,0,0,0,0,0,0,0,0,0,0,1,0
MH0157,0,0,0,0,0,0,0,0,0,0,0,0,0,0,0,0,0,0,0,0,0,0,0,0,29,0,0,0,0
MH0158,0,3,4,0,0,0,0,0,0,4,1,0,0,0,0,13,0,0,0,7,0,14,0,2,31,53,13,0,0
MH0159,0,0,0,0,0,0,0,0,18,0,0,59,0,0,0,0,0,0,0,0,0,0,9,0,1,26,21,0,0
MH0160,0,0,0,0,0,0,0,0,0,0,38,159,0,0,0,0,0,0,0,0,0,0,0,0,43,45,39,0,0
MH0161,0,0,0,0,4,0,0,0,0,0,1,0,3,0,0,0,0,0,0,0,0,0,0,0,0,0,0,1,0
MH0162,0,0,0,0,0,0,0,0,0,0,0,0,0,0,0,0,0,0,0,0,0,0,0,0,0,0,0,0,0
MH0163,0,0,0,0,15,0,0,0,0,0,12,0,27,0,0,0,0,2,15,0,0,0,0,0,22,0,0,10,0
MH0164,0,0,0,0,0,0,0,0,0,0,0,0,0,0,0,0,0,0,0,0,0,0,0,0,8,14,1,0,0
MH0165,0,0,0,0,0,19,27,21,0,0,0,0,0,0,0,3,0,0,0,6,11,10,0,0,13,20,9,0,0
MH0166,0,0,0,0,52,0,0,0,0,0,22,0,57,0,0,0,0,0,28,0,0,0,0,0,22,0,0,31,0
MH0167,0,0,0,0,0,0,0,0,0,0,0,0,0,0,0,0,0,13,0,0,0,0,0,0,66,1,0,0,0
MH0168,0,0,0,1,0,0,0,0,0,0,0,0,0,0,0,1,0,33,0,0,0,0,0,13,0,0,0,0,0
MH0169,0,0,0,0,0,0,0,0,0,0,0,0,0,0,0,0,0,0,0,0,0,0,0,0,0,0,0,0,0
MH0170,0,0,0,0,19,0,0,0,0,0,19,0,31,0,0,0,0,1,15,0,0,0,0,0,24,0,0,10,0
MH0172,0,0,0,93,0,10,0,0,0,0,0,0,0,0,0,0,0,29,0,14,0,0,0,0,0,0,0,0,0
MH0173,0,0,0,0,0,0,0,0,0,0,0,0,0,0,0,0,0,0,0,0,0,0,0,0,0,0,0,0,0
MH0174,0,0,0,0,0,0,0,0,0,0,0,1,0,0,0,0,0,0,0,0,0,0,0,0,0,0,0,0,0
MH0175,0,0,0,0,0,0,0,0,0,0,0,0,0,0,0,0,0,0,0,0,0,0,0,0,0,0,0,0,0
MH0176,0,0,0,0,0,0,0,0,0,0,0,0,0,0,0,0,0,0,0,0,0,0,0,0,83,0,0,0,0
MH0177,0,0,0,0,0,0,0,0,0,0,0,0,0,0,0,0,0,0,0,0,0,0,0,0,0,0,0,0,0
MH0178,0,0,0,0,0,0,0,0,0,0,0,0,0,0,0,0,0,0,0,0,0,0,0,0,0,0,0,0,0
MH0179,0,0,0,0,0,0,0,0,0,0,0,0,0,0,0,0,0,1,0,0,0,0,0,0,0,0,0,0,0
MH0180,0,0,0,0,0,0,0,0,0,0,0,0,0,0,0,0,0,0,0,0,0,0,0,0,0,0,0,0,0
MH0181,3,0,0,0,0,3,0,0,0,0,0,0,0,5,3,2,0,3,0,0,0,1,0,0,0,0,0,0,3
MH0182,0,0,0,0,0,0,0,0,0,0,2,6,0,0,0,0,0,0,0,0,0,0,0,0,1,3,4,0,0
MH0183,0,0,0,6,0,0,0,0,0,0,0,0,0,0,0,0,0,2,0,0,0,0,0,2,12,0,0,0,0
MH0184,0,0,0,0,0,0,0,0,0,0,0,0,0,0,0,0,0,0,0,0,0,0,0,0,182,0,0,0,0
MH0185,0,0,0,5,0,68,0,0,0,193,0,0,0,0,0,67,0,101,0,27,0,50,0,60,0,0,0,0,0
MH0186,0,0,2,0,0,120,160,171,0,0,0,0,0,0,0,33,0,0,0,54,71,59,0,0,109,126,47,0,0
MH0187,0,0,0,25,0,2,0,0,0,0,0,0,0,0,0,0,0,37,0,0,0,0,0,0,6,2,3,0,0
MH0188,0,0,0,0,0,0,0,0,8,47,0,0,0,0,0,0,0,78,0,0,0,0,2,45,0,0,0,0,0
MH0189,0,0,0,9,0,0,0,0,0,0,0,0,0,0,0,0,0,2,0,0,0,0,0,0,0,0,0,0,0
MH0191,0,0,0,0,0,0,0,0,0,0,0,0,0,0,0,0,0,0,0,0,0,0,0,0,13,0,0,0,0
MH0193,0,0,0,343,0,170,0,0,0,0,0,0,0,0,0,0,0,190,0,54,0,0,0,0,141,198,38,0,0
MH0195,0,0,0,107,0,40,0,0,0,0,0,0,0,0,0,0,0,45,0,10,0,0,0,0,27,35,16,0,0
MH0196,0,0,0,0,0,0,0,0,0,0,0,0,0,0,0,0,0,1,0,0,0,0,0,1,0,0,0,0,0
MH0197,0,0,0,0,0,0,0,0,0,0,0,0,0,0,0,0,0,0,0,0,0,0,0,0,0,3,0,0,0
MH0198,0,0,0,18,0,2,0,0,0,0,0,0,0,0,0,0,0,88,0,1,0,0,0,31,4,0,36,0,0
MH0199,0,0,0,0,0,77,74,86,0,0,0,0,0,0,0,16,0,2,0,22,31,18,0,0,205,48,22,0,0
MH0200,0,0,0,0,0,0,0,0,0,0,0,0,0,0,0,0,0,0,0,0,0,0,0,0,0,0,0,0,0
MH0203,0,0,0,0,0,0,0,0,0,3,0,0,0,0,0,0,0,0,0,0,0,1,0,1,0,0,0,0,0
MH0204,0,0,0,43,0,92,0,0,0,0,0,0,0,0,0,12,0,13,0,8,0,0,0,0,31,0,0,0,0
MH0205,0,0,0,53,0,77,0,0,0,0,0,0,0,0,0,9,0,20,0,13,0,0,0,0,26,34,19,0,0
MH0206,0,0,0,0,0,0,0,0,14,0,0,37,0,0,0,0,0,5,0,0,0,0,5,0,0,10,6,0,0
MH0211,0,0,0,0,0,0,0,0,0,0,1,0,0,0,0,0,0,0,1,0,0,0,0,0,0,0,0,0,0
MH0212,0,0,0,0,242,0,0,0,0,0,150,0,457,0,0,0,0,0,135,0,0,0,0,0,106,0,0,177,0
MH0217,0,0,0,0,0,0,0,0,0,0,0,0,0,0,0,0,0,0,1,0,0,0,0,0,0,0,0,0,0
MH0220,0,0,0,0,0,0,0,0,0,0,0,0,0,0,0,0,0,1,0,0,0,0,0,0,36,0,0,0,0
MH0224,0,0,0,0,0,0,0,0,0,0,0,0,0,0,0,0,0,0,0,0,0,0,0,0,0,1,0,0,0
MH0227,0,0,0,0,0,0,0,0,83,274,0,0,0,0,0,0,0,0,0,0,0,0,31,88,26,0,0,0,0
MH0229,0,0,0,0,0,0,0,0,0,0,0,0,0,0,0,0,0,0,0,0,0,0,0,0,0,0,0,0,0
MH0230,0,0,0,0,31,0,0,0,0,0,9,0,65,0,0,0,0,0,21,0,0,0,0,0,0,0,0,43,0
MH0233,0,0,0,0,0,0,0,0,0,0,0,0,0,0,0,0,0,0,0,0,0,0,0,0,0,0,0,0,0
MH0236,0,0,0,0,0,0,0,0,0,0,0,0,0,0,0,0,0,0,0,0,0,0,0,0,0,0,0,0,0
MH0239,0,0,0,0,0,0,0,0,0,0,0,0,0,0,0,0,0,0,0,0,0,0,0,0,1012,0,0,0,0
MH0243,0,0,0,0,0,0,0,0,0,0,0,2,0,0,0,0,0,0,0,0,0,0,0,0,2,6,2,0,0
MH0244,0,0,0,0,0,0,0,0,0,0,0,0,0,0,0,0,0,0,0,0,0,0,0,0,5,0,0,0,0
MH0247,0,0,0,0,0,0,0,0,0,0,0,0,0,0,0,0,0,0,0,0,0,0,0,0,323,0,0,0,0
MH0250,0,0,0,0,0,0,0,0,0,0,0,0,0,0,0,0,0,0,0,0,0,0,0,0,10,0,0,0,0
MH0251,0,207,206,0,0,0,0,0,0,0,87,0,0,0,0,63,67,0,0,0,0,0,0,0,97,0,0,0,0
MH0253,0,0,0,0,0,0,0,0,0,0,0,0,0,0,0,1,1,0,0,0,0,0,0,0,0,0,0,0,0
MH0257,0,0,0,0,0,0,0,0,0,0,0,0,0,0,4,0,0,0,0,0,0,0,0,0,0,1,0,0,4
MH0267,0,0,0,8,142,119,0,0,0,0,0,0,202,0,0,54,0,124,72,20,0,18,0,4,7,0,0,86,0
MH0272,0,0,0,0,0,0,0,0,0,0,0,0,0,0,0,0,0,0,0,0,0,0,0,0,0,0,0,0,0
MH0274,0,0,0,0,0,0,0,0,0,0,0,0,0,0,0,0,0,0,0,0,0,0,0,0,0,0,0,0,0
MH0275,0,0,0,0,0,0,0,0,0,0,0,0,0,0,0,0,0,0,0,0,0,0,0,0,0,0,0,0,0
MH0276,0,0,0,0,0,0,0,0,0,0,0,0,0,0,1,0,0,0,0,0,0,0,0,0,0,0,0,0,2
MH0277,0,0,0,0,0,0,0,0,0,1,20,62,0,0,0,0,0,1,0,0,0,0,0,0,11,35,20,0,0
MH0286,0,0,0,0,0,0,0,0,0,0,0,0,0,0,0,0,0,0,0,0,0,0,0,0,0,0,0,0,0
MH0287,0,0,0,0,0,0,0,0,0,0,0,0,0,0,0,0,0,0,0,0,0,0,0,0,132,0,0,0,0
MH0288,0,0,0,0,0,0,0,0,0,0,0,0,0,0,0,0,0,0,0,0,0,0,0,0,0,0,0,0,0
MH0289,0,7,15,0,0,0,0,0,0,0,3,0,0,0,0,2,2,0,0,0,0,0,0,0,2,0,0,0,0
MH0292,0,0,0,0,0,0,0,0,0,0,0,0,0,0,0,0,0,0,0,0,0,0,0,0,0,0,0,0,0
MH0302,0,0,0,0,0,0,0,0,0,0,0,0,0,0,0,0,0,0,0,0,0,0,0,0,0,0,0,0,0
MH0305,0,0,0,0,0,0,0,0,0,0,0,0,0,0,0,0,0,0,0,0,0,0,0,0,0,0,0,0,0
MH0307,0,49,16,0,0,0,0,4,0,0,13,0,0,0,0,6,0,0,0,0,0,3,0,0,15,0,0,0,0
MH0313,0,0,0,0,0,0,0,0,0,0,0,0,0,0,0,0,0,0,0,0,0,0,0,0,0,0,0,0,0
MH0316,0,0,0,0,0,0,0,0,0,0,0,0,0,0,0,0,0,0,0,3,0,0,0,0,14,18,5,0,0
MH0318,0,0,0,0,0,0,0,0,0,0,0,0,0,0,0,0,0,0,0,0,0,0,0,0,0,0,0,0,0
MH0321,0,0,0,0,0,0,0,0,0,0,0,0,0,0,0,0,0,0,0,0,0,0,0,0,0,0,0,0,0
MH0322,0,0,0,0,0,0,0,0,0,0,0,0,0,0,0,0,0,0,0,0,0,0,0,0,0,0,0,0,0
MH0333,0,0,0,0,0,0,0,0,0,0,0,0,0,0,0,0,0,0,0,0,0,0,0,0,0,0,0,0,0
MH0403,0,0,0,0,0,1,2,1,0,0,0,0,0,0,0,0,0,0,0,2,1,1,0,0,0,2,1,0,0
MH0404,0,0,0,0,0,0,0,0,0,0,0,0,0,0,0,0,0,0,0,0,0,0,0,0,0,0,0,0,0
MH0405,0,0,0,0,0,0,0,0,0,0,0,0,0,0,0,0,0,0,0,0,0,0,0,0,5,0,0,0,0
MH0406,0,0,0,0,0,0,0,0,0,0,0,0,0,0,0,0,0,0,0,0,0,0,0,0,0,0,0,0,0
MH0407,0,0,0,0,0,0,0,0,0,0,0,0,0,0,0,0,0,0,0,0,0,0,0,0,0,0,0,0,0
MH0408,0,0,0,0,0,0,0,0,1,0,0,1,0,0,0,1,0,1,0,0,0,1,2,0,1,2,3,0,0
MH0409,0,0,0,0,0,0,0,0,0,0,0,0,0,0,0,0,0,0,0,0,0,0,0,0,2,0,0,0,0
MH0410,0,0,0,0,106,0,0,0,0,0,56,0,167,0,0,0,0,0,46,0,0,0,0,0,123,0,0,79,0
MH0411,0,0,0,0,0,0,0,0,0,0,67,265,0,0,0,0,0,0,0,0,0,0,0,0,110,86,52,0,0
MH0412,0,0,0,1,0,0,0,0,0,0,0,0,0,0,0,0,0,34,0,0,0,0,0,8,0,0,9,0,0
MH0413,0,0,0,0,0,0,0,0,0,0,0,0,0,0,0,0,0,0,0,0,0,0,0,0,0,0,0,0,0
MH0414,0,0,0,0,0,0,0,0,0,0,0,0,0,0,1,7,0,0,2,0,0,4,0,0,7,0,0,0,2
MH0415,0,0,0,0,0,0,0,0,0,16,5,0,0,0,0,8,0,0,0,4,0,2,0,7,52,53,0,1,0
MH0416,0,0,0,0,0,0,0,0,0,0,0,0,0,0,0,0,0,0,0,0,0,0,0,0,0,0,0,0,0
MH0417,0,0,0,0,0,0,0,0,0,0,0,0,0,0,0,0,0,0,0,0,0,0,0,0,9,0,0,0,0
MH0418,0,0,0,0,0,1,0,0,0,5,0,0,0,0,0,0,0,2,0,0,0,0,0,0,0,0,0,0,0
MH0419,0,0,0,0,0,0,0,0,0,0,0,0,0,0,0,0,0,3,0,0,0,0,0,0,0,0,0,0,0
MH0420,0,0,0,0,0,0,0,0,0,0,0,0,0,0,0,0,0,0,0,0,0,0,0,0,0,0,0,0,0
MH0421,0,0,0,0,0,0,0,0,0,0,0,0,0,0,0,0,0,18,0,0,0,0,0,0,0,0,0,0,0
MH0422,0,0,0,0,0,0,0,0,0,0,0,0,0,0,0,0,0,18,0,0,0,0,0,9,11,1,0,0,0
MH0423,0,0,0,0,0,0,0,0,0,0,0,0,0,0,0,3,0,1,0,0,0,0,0,0,4,4,1,0,0
MH0424,0,0,0,0,0,0,0,0,0,0,0,0,0,0,0,13,0,0,0,0,0,0,0,0,63,66,17,0,0
MH0425,0,0,0,0,0,0,0,0,0,0,0,0,0,0,0,0,0,0,0,3,0,0,0,0,88,166,38,0,0
MH0426,0,0,0,0,0,0,0,0,0,0,0,0,0,0,0,0,0,0,0,0,0,0,0,0,0,0,0,0,0
MH0427,2,0,0,0,0,0,0,0,0,0,0,0,0,0,0,0,0,0,0,0,0,0,0,0,0,0,0,0,0
MH0428,0,0,0,0,0,0,0,0,0,0,0,0,0,0,0,0,0,0,0,0,0,0,0,0,0,0,0,0,0
MH0429,0,0,0,0,0,0,0,0,0,0,0,0,0,0,0,0,0,0,0,0,0,0,0,0,0,0,0,0,0
MH0430,0,0,0,0,0,0,0,0,0,0,0,0,0,0,0,0,0,0,0,0,0,0,0,0,0,0,0,0,0
MH0431,0,0,0,0,10,0,0,0,0,0,11,0,17,0,0,0,0,4,4,0,0,0,0,0,17,25,3,4,0
MH0432,0,125,164,0,0,0,0,0,0,0,84,0,0,0,0,58,43,0,0,0,0,0,0,0,60,0,0,0,0
MH0433,0,1,0,0,0,0,0,0,0,0,0,0,0,0,0,0,0,0,0,0,0,0,0,0,0,0,0,0,0
MH0434,0,0,0,1,0,0,0,0,0,0,0,1,0,0,0,0,0,14,0,0,0,0,0,0,1,0,0,0,0
MH0435,0,0,0,0,0,0,0,0,0,0,0,0,0,0,0,0,0,0,0,0,0,0,0,0,0,0,0,0,0
MH0436,0,0,0,0,0,0,0,0,0,0,0,0,0,0,0,0,0,0,0,0,0,0,0,0,7,11,2,0,0
MH0437,0,0,0,0,0,0,0,0,0,0,0,0,0,0,0,0,0,0,0,0,0,0,0,0,0,0,0,0,0
MH0438,0,0,0,0,0,0,0,0,0,0,0,0,0,0,0,0,0,0,0,0,0,0,0,0,0,0,0,0,0
MH0439,0,0,0,0,0,0,0,0,0,0,0,0,0,0,0,0,0,0,0,0,0,0,0,0,0,0,0,0,0
MH0440,0,0,0,32,0,14,0,0,0,0,0,0,0,0,0,0,0,18,0,3,0,0,0,0,0,0,0,0,0
MH0441,0,0,0,0,0,0,0,0,0,0,1,0,3,0,0,0,0,0,2,0,0,0,0,0,2,2,0,2,0
MH0442,0,0,0,0,0,0,0,0,0,0,0,0,0,0,0,0,0,0,0,0,0,0,0,0,0,0,0,0,0
MH0443,0,0,0,0,0,0,0,0,0,0,0,0,0,0,0,0,0,0,0,0,0,0,0,0,0,0,0,0,0
MH0444,0,0,0,0,0,0,0,0,0,0,0,0,0,0,0,0,0,0,0,0,0,0,0,0,339,0,0,0,0
MH0445,0,0,0,2,0,0,0,0,0,0,0,0,0,0,0,19,0,17,0,0,0,3,0,1,9,0,0,0,0
MH0446,0,0,0,0,0,0,0,0,77,0,0,221,0,0,0,0,0,0,0,0,0,0,26,0,0,67,56,0,0
MH0447,0,0,0,0,0,0,0,0,0,0,0,0,0,0,0,0,0,0,0,0,0,0,0,0,2,1,0,0,0
MH0448,0,0,0,1,0,2,0,0,0,12,0,0,0,0,0,6,0,2,0,0,0,3,0,0,12,2,2,0,0
MH0450,0,0,1,0,0,0,0,0,0,0,0,0,0,0,0,0,0,0,0,0,0,0,0,0,107,0,0,0,0
MH0451,0,0,0,0,0,0,0,0,0,0,0,1,0,0,0,0,0,0,0,0,0,0,0,0,0,0,0,0,0
MH0452,0,0,0,0,0,0,0,0,0,0,42,216,0,0,0,0,0,0,0,0,0,0,0,0,35,76,54,0,0
MH0453,0,0,0,0,0,0,0,0,48,0,0,155,0,0,0,0,0,0,0,0,0,0,14,0,0,55,26,0,0
MH0454,0,0,0,0,0,1,0,0,0,0,0,0,0,2,0,7,0,0,0,0,0,0,0,0,13,9,3,0,0
MH0455,0,0,0,0,0,16,12,16,0,0,0,0,0,0,0,2,0,0,0,22,4,6,0,0,475,743,193,0,0
MH0456,0,0,0,0,0,0,0,0,0,0,0,0,0,0,0,0,0,0,0,0,0,0,0,0,0,0,0,0,0
MH0457,0,3,3,0,0,0,0,0,0,0,0,0,0,0,0,1,0,0,0,0,0,0,0,0,6,3,0,0,0
MH0458,0,0,0,0,0,0,0,0,0,0,0,0,0,0,0,0,0,0,0,0,0,0,0,0,0,0,0,0,0
MH0462,0,0,0,0,0,0,0,0,0,0,0,0,0,0,0,0,0,0,0,0,0,0,0,0,0,0,0,0,0
